Sample_Barcode,Sample_ID
AAGCCCAATAAACCAC,s1
TCTGACTGGCCGAATA,s2
GGGATATAGGCAACGA,s3
CATGTGCGGCGACCCT,s4
TGCGACAGTGACGCTT,s5
TCGCCGTTGCCTAAAC,s6
CTATTTGAAGGAGTCT,s7
AGCAGCCGCAGTAAGG,s8
CACAATACCTCGTCCG,s9
TGTTACCAGACCAAAC,s10
AAGACGTCCTCTTCAA,s11
TGTTTAAATGACCCTC,s12
TCGTCATAAAACCTTT,s13
CTACTATGTGTTCCGC,s14
AAGAATCAACAACTAC,s15
AATGGCGCGTCGTGAA,s16
TAACGCGACGGCTGAG,s17
ACGAACGGCGCGTGAA,s18
TGAAGCGCTTAAACAG,s19
CTCAGGAGCCAGTCCC,s20
CTACGTCGCATATCCT,s21
GGCCACTGGAGGTGAA,s22
GCGAATGGTATCGATA,s23
CGTAGGAGGTGTGCCT,s24
