sample_name,i7,i5,i1
sample_0,AAAACATGCGTT,CCCCACTGAGTT,
sample_1,AAAATCCCAGTT,CCCCTAAACGTT,
sample_2,GAAAATTTACGC,GCCCCTTTCAGA,
sample_3,AAACTAACTGTC,CCCATCCATGTA,
sample_4,AAACGTTCATCC,CCCAGTTACTAA,
sample_5,AATAGCTTTTTC,CCTCGATTTTTA,
sample_6,AAATGTAGTGAG,CCCTGTCGTGCG,
sample_7,CAAATTGGAACG,ACCCTTGGCCAG,
sample_8,TAACCAGCACTT,TCCAACGACATT,
sample_9,AACCCTGGGAAG,CCAAATGGGCCG,
sample_10,AATGACCGTAGG,CCTGCAAGTCGG,
sample_11,TAAGATCGATTA,TCCGCTAGCTTC,
sample_12,AGAGGCCGAACA,CGCGGAAGCCAC,
sample_13,ACAGGACTCTGG,CACGGCATATGG,
sample_14,CAAGGTCCCCTT,ACCGGTAAAATT,
sample_15,GAAGGGTAAAGC,GCCGGGTCCCGA,
sample_16,AAGTTGCGGGTA,CCGTTGAGGGTC,
sample_17,TAATTACAAAGA,TCCTTCACCCGC,
sample_18,GAATTCGTATAC,GCCTTAGTCTCA,
sample_19,AGCAAAGGATGT,CGACCCGGCTGT,
sample_20,GACATTATTCTT,GCACTTCTTATT,
sample_21,CACCAGAGATAT,ACAACGCGCTCT,
sample_22,ACCCGAACGAGC,CAAAGCCAGCGA,
sample_23,GACCCGTCTTGA,GCAAAGTATTGC,
sample_24,ATCCGCCAGGAT,CTAAGAACGGCT,
sample_25,CACCTTCGGTTG,ACAATTAGGTTG,
sample_26,ATCGACTTGTGT,CTAGCATTGTGT,
sample_27,TACGCCCACGTG,TCAGAAACAGTG,
sample_28,ACGATACGCCAA,CAGCTCAGAACC,
sample_29,ATCGGAAAATTC,CTAGGCCCCTTA,
sample_30,TACGGTATAGAA,TCAGGTCTCGCC,
sample_31,CACTAGTTTCGT,ACATCGTTTAGT,
sample_32,ACTAAGCGCGTG,CATCCGAGAGTG,
sample_33,AGCTTCTTTTCC,CGATTATTTTAA,
sample_34,CAGATAATACGT,ACGCTCCTCAGT,
sample_35,AGGCTTAATCGG,CGGATTCCTAGG,
sample_36,ATGGGCTAGACA,CTGGGATCGCAC,
sample_37,AGGTGGTTCTAC,CGGTGGTTATCA,
sample_38,GAGTCGGTGGCA,GCGTAGGTGGAC,
sample_39,AGTCTCAGCAAA,CGTATACGACCC,
sample_40,TATAAGGGAATG,TCTCCGGGCCTG,
sample_41,GATAGAAACACC,GCTCGCCCACAA,
sample_42,ATTATATCTGAA,CTTCTCTATGCC,
sample_43,ATTCAACCTCTA,CTTACCAATATC,
sample_44,ATTCCTGAGTTA,CTTAATGCGTTC,
sample_45,TATTGGCGGCCT,TCTTGGAGGAAT,
sample_46,GATTTCCCCCGA,GCTTTAAAAAGC,
sample_47,TCAACAACCGGT,TACCACCAAGGT,
sample_48,CCAAAGAGGGAT,AACCCGCGGGCT,
sample_49,GCATCCATGCAT,GACTAACTGACT,
sample_50,CCATTGTCTAAA,AACTTGTATCCC,
sample_51,CCCACCGTAAGC,AAACAAGTCCGA,
sample_52,CCCAATTTTGCC,AAACCTTTTGAA,
sample_53,TCCCGGCTAAAA,TAAAGGATCCCC,
sample_54,CCGACGGACCAT,AAGCAGGCAACT,
sample_55,CCGGGCGTCATG,AAGGGAGTACTG,
sample_56,CCGCCCTATTTC,AAGAAATCTTTA,
sample_57,CCGTTGAAGGGG,AAGTTGCCGGGG,
sample_58,GCCTAATACAAC,GAATCCTCACCA,
sample_59,TCCTAGCGATTT,TAATCGAGCTTT,
sample_60,TCCTCTCTTCTA,TAATATATTATC,
sample_61,CCTGGTACTTTC,AATGGTCATTTA,
sample_62,TCGAGTCCCGGA,TAGCGTAAAGGC,
sample_63,CGAGTTTATCAG,AGCGTTTCTACG,
sample_64,GCGCCGGGTCCC,GAGAAGGGTAAA,
sample_65,GCGCGAAGTTGA,GAGAGCCGTTGC,
sample_66,CGGGAACCCGCA,AGGGCCAAAGAC,
sample_67,CGGGTAGGGCGT,AGGGTCGGGAGT,
sample_68,TCGTCTGGCCGT,TAGTATGGAAGT,
sample_69,GCGTGTTAACGC,GAGTGTTCCAGA,
sample_70,CTATGCAAGCTG,ATCTGACCGATG,
sample_71,GCTAGCTCAGAT,GATCGATACGCT,
sample_72,CTCTCCATCGAA,ATATAACTAGCC,
sample_73,CTCTTTAAACAA,ATATTTCCCACC,
sample_74,CTTAATGATATC,ATTCCTGCTCTA,
sample_75,CTTACCGGGTAC,ATTCAAGGGTCA,
sample_76,CTGTAGTCGCCA,ATGTCGTAGAAC,
sample_77,TGAGGCATTTGG,TGCGGACTTTGG,
sample_78,TGCCATGTTCGG,TGAACTGTTAGG,
sample_79,TGCTAAATTAGT,TGATCCCTTCGT,
sample_80,TGGAGACTGGGC,TGGCGCATGGGA,
sample_81,GTACCGAACCCG,GTCAAGCCAAAG,
sample_82,GTCAAATGTCCT,GTACCCTGTAAT,
sample_83,GTCAGGCTGCGT,GTACGGATGAGT,
sample_84,TGTGGGGTGATT,TGTGGGGTGCTT,
sample_85,GTGGCACCACTT,GTGGACAACATT,
sample_86,GTTTAAAGGCAG,GTTTCCCGGACG,
sample_87,GTTTGACTTTAT,GTTTGCATTTCT,
sample_88,TGTTTTGCTAAC,TGTTTTGATCCA,
sample_89,TTAGGACGCAAA,TTCGGCAGACCC,
sample_90,TTATCACTCCTT,TTCTACATAATT,
sample_91,TTCCAAAAAATG,TTAACCCCCCTG,
sample_92,TTGACAGCGTCG,TTGCACGAGTAG,
sample_93,TTGCGTTCTCAA,TTGAGTTATACC,
sample_94,TTGTCCGATATG,TTGTAAGCTCTG,
sample_95,TTTGTGGACACG,TTTGTGGCACAG,
