id,name,read,pattern,sequence,feature_type
CD3,CD3_TotalC,R2,^NNNNNNNNNN(BC)NNNNNNNNN,CTCATTGTAACTCCT,Antibody Capture
CD19,CD19_TotalC,R2,^NNNNNNNNNN(BC)NNNNNNNNN,CTGGGCAATTACTCG,Antibody Capture
CD45RA,CD45RA_TotalC,R2,^NNNNNNNNNN(BC)NNNNNNNNN,TCAATCCTTCCGCTT,Antibody Capture
CD4,CD4_TotalC,R2,^NNNNNNNNNN(BC)NNNNNNNNN,TGTTCCCGCTCAACT,Antibody Capture
CD8a,CD8a_TotalC,R2,^NNNNNNNNNN(BC)NNNNNNNNN,GCTGCGCTTTCCATT,Antibody Capture
CD14,CD14_TotalC,R2,^NNNNNNNNNN(BC)NNNNNNNNN,TCTCAGACCTCCGTA,Antibody Capture
CD16,CD16_TotalC,R2,^NNNNNNNNNN(BC)NNNNNNNNN,AAGTTCACTCTTTGC,Antibody Capture
CD56,CD56_TotalC,R2,^NNNNNNNNNN(BC)NNNNNNNNN,TTCGCCGCATTGAGT,Antibody Capture
CD25,CD25_TotalC,R2,^NNNNNNNNNN(BC)NNNNNNNNN,TTTGTCCTGTACGCC,Antibody Capture
CD45RO,CD45RO_TotalC,R2,^NNNNNNNNNN(BC)NNNNNNNNN,CTCCGAATCATGTTG,Antibody Capture
PD-1,PD-1_TotalC,R2,^NNNNNNNNNN(BC)NNNNNNNNN,ACAGCGCCGTATTTA,Antibody Capture
TIGIT,TIGIT_TotalC,R2,^NNNNNNNNNN(BC)NNNNNNNNN,TTGCTTACCGCCAGA,Antibody Capture
IgG1,IgG1_TotalC,R2,^NNNNNNNNNN(BC)NNNNNNNNN,GCCGGACGACATTAA,Antibody Capture
IgG2a,IgG2a_TotalC,R2,^NNNNNNNNNN(BC)NNNNNNNNN,CTCCTACCTAAACTG,Antibody Capture
IgG2b,IgG2b_TotalC,R2,^NNNNNNNNNN(BC)NNNNNNNNN,ATATGTATCACGCGA,Antibody Capture
CD127,CD127_TotalC,R2,^NNNNNNNNNN(BC)NNNNNNNNN,GTGTGTTGTCCTATG,Antibody Capture
CD15,CD15_TotalC,R2,^NNNNNNNNNN(BC)NNNNNNNNN,TCACCAGTACCTAGT,Antibody Capture
CD197_(CCR7),CD197_TotalC,R2,^NNNNNNNNNN(BC)NNNNNNNNN,AGTTCAGTCAACCGA,Antibody Capture
HLA-DR,HLA-DR_TotalC,R2,^NNNNNNNNNN(BC)NNNNNNNNN,AATAGCGAGCAAGTA,Antibody Capture
